method,total_profit_gbp,gross_revenue_gbp,gross_purchase_cost_gbp,charged_energy_kwh,discharged_energy_kwh,total_throughput_kwh,final_soc_kwh,soc_min_kwh,soc_max_kwh,equivalent_full_cycles,terminal_soc_gap_kwh,net_carbon_kg,objective_value_gbp_equiv
simple_rule_simulation,3666.8013433688693,6873.115159999999,3206.31381663113,127931.7697228145,112560.0,240491.7697228145,1000.0,0.0,2000.0,56.28,0.0,-468.4002950959478,3666.8013433688693
optimal_profit_only,16172.247684308502,25878.75046712,9706.502782811498,331671.30991403025,291819.012,623490.3219140302,1000.0,0.0,2000.0,145.909506,0.0,-7377.933411245654,16172.247684308502
optimal_carbon_aware,16035.796417263959,24201.793841079998,8165.997423816039,291975.0228449589,256892.472,548867.4948449589,1000.0,0.0,2000.0,128.446236,0.0,-13363.658834150212,16703.979358971468
